role,confidence,root_id,side,cell_type,hemibrain_type,note
GFS_GF,high,720575940622838154,left,DNp01,Giant Fiber,Giant Fiber
GFS_GF,high,720575940632499757,right,DNp01,Giant Fiber,Giant Fiber
GRN_sugar_Shiu_example,high,720575940611875570,left,LB3,,Shiu neu_sugar example.ipynb
GRN_sugar_Shiu_example,high,720575940612670570,left,LB3,,Shiu neu_sugar example.ipynb
GRN_sugar_Shiu_example,high,720575940616885538,left,LB3,,Shiu neu_sugar example.ipynb
GRN_sugar_Shiu_example,high,720575940617000768,left,LB3,,Shiu neu_sugar example.ipynb
GRN_sugar_Shiu_example,high,720575940617937543,left,LB3,,Shiu neu_sugar example.ipynb
GRN_sugar_Shiu_example,high,720575940621502051,left,LB3,,Shiu neu_sugar example.ipynb
GRN_sugar_Shiu_example,high,720575940621754367,left,LB3,,Shiu neu_sugar example.ipynb
GRN_sugar_Shiu_example,high,720575940624963786,left,LB3,,Shiu neu_sugar example.ipynb
GRN_sugar_Shiu_example,high,720575940628853239,left,LB3,,Shiu neu_sugar example.ipynb
GRN_sugar_Shiu_example,high,720575940629176663,left,LB3,,Shiu neu_sugar example.ipynb
GRN_sugar_Shiu_example,high,720575940630233916,left,LB3,,Shiu neu_sugar example.ipynb
GRN_sugar_Shiu_example,high,720575940630797113,left,LB3,,Shiu neu_sugar example.ipynb
GRN_sugar_Shiu_example,high,720575940632425919,left,LB3,,Shiu neu_sugar example.ipynb
GRN_sugar_Shiu_example,high,720575940632889389,left,LB3,,Shiu neu_sugar example.ipynb
GRN_sugar_Shiu_example,high,720575940633143833,left,LB3,,Shiu neu_sugar example.ipynb
GRN_sugar_Shiu_example,high,720575940637568838,left,LB3,,Shiu neu_sugar example.ipynb
GRN_sugar_Shiu_example,high,720575940638202345,left,LB3,,Shiu neu_sugar example.ipynb
GRN_sugar_Shiu_example,high,720575940639198653,left,LB3,,Shiu neu_sugar example.ipynb
GRN_sugar_Shiu_example,high,720575940639332736,left,LB3,,Shiu neu_sugar example.ipynb
GRN_sugar_Shiu_example,high,720575940640649691,left,LB3,,Shiu neu_sugar example.ipynb
PER_output_MN9,high,720575940618238523,left,CB0701,,Shiu MN9 = CB0701
PER_output_MN9,high,720575940660219265,right,CB0701,,Shiu MN9 = CB0701
endocrine_CRZ_pars_lateralis,check,720575940609268316,left,CRZ,,CN candidate; verify Oh 2019 pair
endocrine_CRZ_pars_lateralis,check,720575940610895474,left,CRZ,,CN candidate; verify Oh 2019 pair
endocrine_CRZ_pars_lateralis,check,720575940614254534,left,CRZ,,CN candidate; verify Oh 2019 pair
endocrine_CRZ_pars_lateralis,check,720575940619845552,right,CRZ,,CN candidate; verify Oh 2019 pair
endocrine_CRZ_pars_lateralis,check,720575940620332141,right,CRZ,,CN candidate; verify Oh 2019 pair
endocrine_CRZ_pars_lateralis,check,720575940642666440,right,CRZ,,CN candidate; verify Oh 2019 pair
endocrine_IPC,high,720575940603765280,left,IPC,PI1,IPC / Dilp2-3-5; hyp A/B
endocrine_IPC,high,720575940614623455,left,IPC,PI1,IPC / Dilp2-3-5; hyp A/B
endocrine_IPC,high,720575940620628957,left,IPC,PI1,IPC / Dilp2-3-5; hyp A/B
endocrine_IPC,high,720575940622897639,left,IPC,PI1,IPC / Dilp2-3-5; hyp A/B
endocrine_IPC,high,720575940623081400,left,IPC,PI1,IPC / Dilp2-3-5; hyp A/B
endocrine_IPC,high,720575940628363820,left,IPC,PI1,IPC / Dilp2-3-5; hyp A/B
endocrine_IPC,high,720575940632436307,left,IPC,PI1,IPC / Dilp2-3-5; hyp A/B
endocrine_IPC,high,720575940650527222,left,IPC,PI1,IPC / Dilp2-3-5; hyp A/B
endocrine_IPC,high,720575940611254681,right,IPC,PI1,IPC / Dilp2-3-5; hyp A/B
endocrine_IPC,high,720575940612923390,right,IPC,PI1,IPC / Dilp2-3-5; hyp A/B
endocrine_IPC,high,720575940615043112,right,IPC,PI1,IPC / Dilp2-3-5; hyp A/B
endocrine_IPC,high,720575940615911380,right,IPC,PI1,IPC / Dilp2-3-5; hyp A/B
endocrine_IPC,high,720575940618694827,right,IPC,PI1,IPC / Dilp2-3-5; hyp A/B
endocrine_IPC,high,720575940624064295,right,IPC,PI1,IPC / Dilp2-3-5; hyp A/B
endocrine_IPC,high,720575940625379859,right,IPC,PI1,IPC / Dilp2-3-5; hyp A/B
endocrine_IPC,high,720575940628199802,right,IPC,PI1,IPC / Dilp2-3-5; hyp A/B
endocrine_IPC,high,720575940631884883,right,IPC,PI1,IPC / Dilp2-3-5; hyp A/B
endocrine_IPC,high,720575940643539566,right,IPC,PI1,IPC / Dilp2-3-5; hyp A/B
grooming_aDN_candidate,medium,720575940620158843,left,SMP029,SMP029,Nojima aDN = SMP029
grooming_aDN_candidate,medium,720575940622252031,left,SMP029,SMP029,Nojima aDN = SMP029
grooming_aDN_candidate,medium,720575940619517131,right,SMP029,SMP029,Nojima aDN = SMP029
grooming_aDN_candidate,medium,720575940626465096,right,SMP029,SMP029,Nojima aDN = SMP029
interoception_BiT,high,720575940632879842,left,BiT,,BiT
interoception_BiT,high,720575940635452570,right,BiT,,BiT
interoception_ISN,high,720575940619731393,left,ISN,,ISN
interoception_ISN,high,720575940624153528,left,ISN,,ISN
interoception_ISN,high,720575940613441689,right,ISN,,ISN
interoception_ISN,high,720575940617785817,right,ISN,,ISN
sensor_DH44_PI,high,720575940616153371,left,DH44,PI1,DH44-PI overlay
sensor_DH44_PI,high,720575940618385718,left,DH44,PI1,DH44-PI overlay
sensor_DH44_PI,high,720575940626619398,left,DH44,PI1,DH44-PI overlay
sensor_DH44_PI,high,720575940622872870,right,DH44,PI1,DH44-PI overlay
sensor_DH44_PI,high,720575940623011845,right,DH44,PI1,DH44-PI overlay
sensor_DH44_PI,high,720575940635861146,right,DH44,PI1,DH44-PI overlay
sensor_Hugin_RG,medium,720575940637851069,left,Hugin-RG,,Hugin-RG
sensor_Hugin_RG,medium,720575940638394446,left,Hugin-RG,,Hugin-RG
sensor_Hugin_RG,medium,720575940627293201,right,Hugin-RG,,Hugin-RG
sensor_Hugin_RG,medium,720575940643847022,right,Hugin-RG,,Hugin-RG
walk_command_DNp09,high,720575940635872101,left,DNp09,DNp09,forward walk DN
walk_command_DNp09,high,720575940627652358,right,DNp09,DNp09,forward walk DN
walk_reverse_MDN,high,720575940616026939,left,MDN,MDN,moonwalker / DNp50
walk_reverse_MDN,high,720575940631082808,left,MDN,MDN,moonwalker / DNp50
walk_reverse_MDN,high,720575940610236514,right,MDN,MDN,moonwalker / DNp50
walk_reverse_MDN,high,720575940640331472,right,MDN,MDN,moonwalker / DNp50
